FirstName,LastName,Username,Password,Title,Department,City,Country,OU
Mila,Martin,mmartin,Pa$$0ver,Manager,IT,Moncton,CA,"DC=cloudtech,DC=com"
Mateo,Gonzalez,mgonzalez,Pa$$0ver,Coordinator,Marketing,Moncton,CA,"DC=cloudtech,DC=com"
Samuel,Walker,swalker,Pa$$0ver,Manager,Sales,Moncton,CA,"DC=cloudtech,DC=com"
William,Jackson,wjackson,Pa$$0ver,Consultant,Marketing,Moncton,CA,"DC=cloudtech,DC=com"
Daniel,Young,dyoung,Pa$$0ver,Manager,Sales,Moncton,CA,"DC=cloudtech,DC=com"
Asher,Carter,acarter,Pa$$0ver,Officer,Marketing,Moncton,CA,"DC=cloudtech,DC=com"
Noah,Anderson,nanderson,Pa$$0ver,Specialist,Sales,Moncton,CA,"DC=cloudtech,DC=com"
Zoe,Thomas,zthomas,Pa$$0ver,Generalist,Sales,Moncton,CA,"DC=cloudtech,DC=com"
Ava,Ramirez,aramirez,Pa$$0ver,Generalist,HR,Moncton,CA,"DC=cloudtech,DC=com"
Scarlett,Taylor,staylor,Pa$$0ver,Analyst,HR,Moncton,CA,"DC=cloudtech,DC=com"
Sofia,Campbell,scampbell,Pa$$0ver,Representative,HR,Moncton,CA,"DC=cloudtech,DC=com"
Oliver,Martin,omartin,Pa$$0ver,Technician,Marketing,Moncton,CA,"DC=cloudtech,DC=com"
Benjamin,Harris,bharris,Pa$$0ver,Generalist,Marketing,Moncton,CA,"DC=cloudtech,DC=com"
Oliver,Baker,obaker,Pa$$0ver,Consultant,HR,Moncton,CA,"DC=cloudtech,DC=com"
Theodore,Scott,tscott,Pa$$0ver,Coordinator,IT,Moncton,CA,"DC=cloudtech,DC=com"
Jack,Allen,jallen,Pa$$0ver,Representative,HR,Moncton,CA,"DC=cloudtech,DC=com"
Hazel,Hernandez,hhernandez,Pa$$0ver,Analyst,HR,Moncton,CA,"DC=cloudtech,DC=com"
Emily,Wright,ewright,Pa$$0ver,Generalist,IT,Moncton,CA,"DC=cloudtech,DC=com"
Luna,Hall,lhall,Pa$$0ver,Consultant,HR,Moncton,CA,"DC=cloudtech,DC=com"
Violet,Miller,vmiller,Pa$$0ver,Consultant,IT,Moncton,CA,"DC=cloudtech,DC=com"
Alexander,Walker,awalker,Pa$$0ver,Technician,IT,Moncton,CA,"DC=cloudtech,DC=com"
Sofia,Allen,sallen,Pa$$0ver,Manager,Sales,Moncton,CA,"DC=cloudtech,DC=com"
Asher,Lopez,alopez,Pa$$0ver,Specialist,Sales,Moncton,CA,"DC=cloudtech,DC=com"
Penelope,Harris,pharris,Pa$$0ver,Generalist,IT,Moncton,CA,"DC=cloudtech,DC=com"
Isabella,Brown,ibrown,Pa$$0ver,Manager,HR,Moncton,CA,"DC=cloudtech,DC=com"
Noah,Roberts,nroberts,Pa$$0ver,Generalist,IT,Moncton,CA,"DC=cloudtech,DC=com"
Asher,Jackson,ajackson,Pa$$0ver,Manager,IT,Moncton,CA,"DC=cloudtech,DC=com"
Asher,Wright,awright,Pa$$0ver,Technician,IT,Moncton,CA,"DC=cloudtech,DC=com"
Layla,Wright,lwright,Pa$$0ver,Representative,Marketing,Moncton,CA,"DC=cloudtech,DC=com"
Sebastian,Lee,slee,Pa$$0ver,Generalist,HR,Moncton,CA,"DC=cloudtech,DC=com"
Benjamin,Anderson,banderson,Pa$$0ver,Technician,Marketing,Moncton,CA,"DC=cloudtech,DC=com"
Asher,Ramirez,aramirez,Pa$$0ver,Consultant,HR,Moncton,CA,"DC=cloudtech,DC=com"
Sebastian,Perez,sperez,Pa$$0ver,Technician,IT,Moncton,CA,"DC=cloudtech,DC=com"
Emma,White,ewhite,Pa$$0ver,Coordinator,HR,Moncton,CA,"DC=cloudtech,DC=com"
Hazel,Rodriguez,hrodriguez,Pa$$0ver,Consultant,Marketing,Moncton,CA,"DC=cloudtech,DC=com"
James,Williams,jwilliams,Pa$$0ver,Consultant,HR,Moncton,CA,"DC=cloudtech,DC=com"
Mila,Harris,mharris,Pa$$0ver,Specialist,HR,Moncton,CA,"DC=cloudtech,DC=com"
Sofia,White,swhite,Pa$$0ver,Representative,Sales,Moncton,CA,"DC=cloudtech,DC=com"
Wyatt,Garcia,wgarcia,Pa$$0ver,Representative,IT,Moncton,CA,"DC=cloudtech,DC=com"
James,Williams,jwilliams,Pa$$0ver,Specialist,Marketing,Moncton,CA,"DC=cloudtech,DC=com"
Mia,Adams,madams,Pa$$0ver,Coordinator,IT,Moncton,CA,"DC=cloudtech,DC=com"
Zoe,Thomas,zthomas,Pa$$0ver,Consultant,Marketing,Moncton,CA,"DC=cloudtech,DC=com"
Levi,Martin,lmartin,Pa$$0ver,Representative,HR,Moncton,CA,"DC=cloudtech,DC=com"
Eleanor,Smith,esmith,Pa$$0ver,Manager,HR,Moncton,CA,"DC=cloudtech,DC=com"
Aria,Martin,amartin,Pa$$0ver,Analyst,Marketing,Moncton,CA,"DC=cloudtech,DC=com"
Owen,Roberts,oroberts,Pa$$0ver,Coordinator,Sales,Moncton,CA,"DC=cloudtech,DC=com"
Elijah,Jackson,ejackson,Pa$$0ver,Consultant,IT,Moncton,CA,"DC=cloudtech,DC=com"
Scarlett,Hill,shill,Pa$$0ver,Consultant,Marketing,Moncton,CA,"DC=cloudtech,DC=com"
Layla,Perez,lperez,Pa$$0ver,Representative,Marketing,Moncton,CA,"DC=cloudtech,DC=com"
Avery,Thompson,athompson,Pa$$0ver,Representative,IT,Moncton,CA,"DC=cloudtech,DC=com"
